model_name,HF_URL,downloads,has_modelcard,word_cnt,short_model_card(<=300),very_short_model_card(<=100),nonempty_section_num,empty_section_num,creation_year,creation_time
princeton-nlp/sup-simcse-bert-base-uncased,https://huggingface.co/princeton-nlp/sup-simcse-bert-base-uncased,550139,No,,,,,,2021.0,2021-04-21
dmis-lab/biosyn-sapbert-bc5cdr-chemical,https://huggingface.co/dmis-lab/biosyn-sapbert-bc5cdr-chemical,315909,No,,,,,,2021.0,2021-10-24
YituTech/conv-bert-base,https://huggingface.co/YituTech/conv-bert-base,133618,No,,,,,,2021.0,2021-01-21
digit82/kobart-summarization,https://huggingface.co/digit82/kobart-summarization,41212,No,,,,,,2022.0,2022-03-01
EleutherAI/gpt-neox-20b,https://huggingface.co/EleutherAI/gpt-neox-20b,39460,No,,,,,,2022.0,2022-04-07
Luyu/co-condenser-marco,https://huggingface.co/Luyu/co-condenser-marco,22650,No,,,,,,2021.0,2021-08-13
princeton-nlp/sup-simcse-roberta-base,https://huggingface.co/princeton-nlp/sup-simcse-roberta-base,17045,No,,,,,,2021.0,2021-04-21
navervision/KELIP,https://huggingface.co/navervision/KELIP,12101,No,,,,,,2022.0,2022-03-17
logan910/repo_name,https://huggingface.co/logan910/repo_name,11283,No,,,,,,2022.0,2022-08-04
KoboldAI/GPT-Neo-2.7B-Horni,https://huggingface.co/KoboldAI/GPT-Neo-2.7B-Horni,11198,No,,,,,,2021.0,2021-12-30
hyunwoongko/asian-bart-ecjk,https://huggingface.co/hyunwoongko/asian-bart-ecjk,10629,No,,,,,,2021.0,2021-04-01
laxya007/gpt2_bd2_systemanalysis_corpstrategy_ethicalstrategy,https://huggingface.co/laxya007/gpt2_bd2_systemanalysis_corpstrategy_ethicalstrategy,10045,No,,,,,,2022.0,2022-08-29
princeton-nlp/unsup-simcse-roberta-large,https://huggingface.co/princeton-nlp/unsup-simcse-roberta-large,8079,No,,,,,,2021.0,2021-05-12
DeepChem/ChemBERTa-77M-MLM,https://huggingface.co/DeepChem/ChemBERTa-77M-MLM,7278,No,,,,,,2022.0,2022-01-20
uclanlp/visualbert-vqa-coco-pre,https://huggingface.co/uclanlp/visualbert-vqa-coco-pre,6925,No,,,,,,2021.0,2021-05-31
deepset/bert-small-mm_retrieval-question_encoder,https://huggingface.co/deepset/bert-small-mm_retrieval-question_encoder,6759,No,,,,,,2021.0,2021-10-19
solve/vit-zigzag-attribute-768dim-patch16-224,https://huggingface.co/solve/vit-zigzag-attribute-768dim-patch16-224,6278,No,,,,,,2022.0,2022-08-12
KETI-AIR/ke-t5-small,https://huggingface.co/KETI-AIR/ke-t5-small,5647,No,,,,,,2021.0,2021-05-05
Salesforce/bart-large-xsum-samsum,https://huggingface.co/Salesforce/bart-large-xsum-samsum,5469,No,,,,,,2021.0,2021-05-27
KoboldAI/GPT-Neo-2.7B-AID,https://huggingface.co/KoboldAI/GPT-Neo-2.7B-AID,5355,No,,,,,,2022.0,2022-01-18
lysandre/tiny-vit-random,https://huggingface.co/lysandre/tiny-vit-random,4824,No,,,,,,2021.0,2021-05-05
remotejob/tweetsGPT2fi_v0,https://huggingface.co/remotejob/tweetsGPT2fi_v0,3789,No,,,,,,2022.0,2022-03-05
KoboldAI/GPT-J-6B-Adventure,https://huggingface.co/KoboldAI/GPT-J-6B-Adventure,3466,No,,,,,,2021.0,2021-12-24
nielsr/donut-base,https://huggingface.co/nielsr/donut-base,3420,No,,,,,,2022.0,2022-07-26
remotejob/gradientclassification_v0,https://huggingface.co/remotejob/gradientclassification_v0,3385,No,,,,,,2021.0,2021-11-12
sgugger/tiny-distilbert-classification,https://huggingface.co/sgugger/tiny-distilbert-classification,3114,No,,,,,,2021.0,2021-07-29
uclanlp/plbart-python-en_XX,https://huggingface.co/uclanlp/plbart-python-en_XX,2985,No,,,,,,2021.0,2021-10-08
valhalla/s2t_mustc_multilinguial_medium,https://huggingface.co/valhalla/s2t_mustc_multilinguial_medium,2977,No,,,,,,2021.0,2021-03-03
asahi417/tner-roberta-base-tweet-2020,https://huggingface.co/asahi417/tner-roberta-base-tweet-2020,2928,No,,,,,,2022.0,2022-05-06
charsiu/en_w2v2_fc_10ms,https://huggingface.co/charsiu/en_w2v2_fc_10ms,2810,No,,,,,,2021.0,2021-10-03
GeniusVoice/mini-bert-query-classifier-dutch,https://huggingface.co/GeniusVoice/mini-bert-query-classifier-dutch,2716,No,,,,,,2022.0,2022-08-17
Ayoola/clyde,https://huggingface.co/Ayoola/clyde,2395,No,,,,,,2022.0,2022-08-15
hyunwoongko/ctrlsum-cnndm,https://huggingface.co/hyunwoongko/ctrlsum-cnndm,2376,No,,,,,,2021.0,2021-03-21
atharvamundada99/bert-large-question-answering-finetuned-legal,https://huggingface.co/atharvamundada99/bert-large-question-answering-finetuned-legal,2281,No,,,,,,2021.0,2021-05-09
princeton-nlp/unsup-simcse-roberta-base,https://huggingface.co/princeton-nlp/unsup-simcse-roberta-base,2179,No,,,,,,2021.0,2021-05-12
cambridgeltl/magic_mscoco,https://huggingface.co/cambridgeltl/magic_mscoco,2098,No,,,,,,2022.0,2022-04-08
patrickvonplaten/wav2vec2-base-v2,https://huggingface.co/patrickvonplaten/wav2vec2-base-v2,1988,No,,,,,,2021.0,2021-10-05
michaelrglass/albert-base-rci-wikisql-row,https://huggingface.co/michaelrglass/albert-base-rci-wikisql-row,1957,No,,,,,,2021.0,2021-06-16
philschmid/MiniLM-L6-H384-uncased-sst2,https://huggingface.co/philschmid/MiniLM-L6-H384-uncased-sst2,1940,No,,,,,,2021.0,2021-09-24
google/pegasus-x-large,https://huggingface.co/google/pegasus-x-large,1896,No,,,,,,2022.0,2022-09-01
armheb/DNA_bert_6,https://huggingface.co/armheb/DNA_bert_6,1758,No,,,,,,2021.0,2021-10-10
anton-l/wav2vec2-random-tiny-classifier,https://huggingface.co/anton-l/wav2vec2-random-tiny-classifier,1753,No,,,,,,2021.0,2021-08-31
DaisyMak/bert-finetuned-squad-accelerate-10epoch_transformerfrozen,https://huggingface.co/DaisyMak/bert-finetuned-squad-accelerate-10epoch_transformerfrozen,1553,No,,,,,,2022.0,2022-02-02
studio-ousia/luke-large-finetuned-tacred,https://huggingface.co/studio-ousia/luke-large-finetuned-tacred,1520,No,,,,,,2021.0,2021-04-25
Luyu/co-condenser-marco-retriever,https://huggingface.co/Luyu/co-condenser-marco-retriever,1500,No,,,,,,2021.0,2021-09-02
miguelvictor/multilingual-gpt2-large,https://huggingface.co/miguelvictor/multilingual-gpt2-large,1484,No,,,,,,2021.0,2021-05-04
SetFit/distilbert-base-uncased__enron_spam__all-train,https://huggingface.co/SetFit/distilbert-base-uncased__enron_spam__all-train,1456,No,,,,,,2022.0,2022-01-26
elozano/bert-base-cased-news-category,https://huggingface.co/elozano/bert-base-cased-news-category,1450,No,,,,,,2022.0,2022-02-08
howey/bert-base-uncased-sst2,https://huggingface.co/howey/bert-base-uncased-sst2,1338,No,,,,,,2021.0,2021-05-25
Lysa/subheading_generator_en,https://huggingface.co/Lysa/subheading_generator_en,1224,No,,,,,,2021.0,2021-06-04
nielsr/detr-table-structure-recognition,https://huggingface.co/nielsr/detr-table-structure-recognition,1159,No,,,,,,2022.0,2022-09-06
howey/roberta-large-qqp,https://huggingface.co/howey/roberta-large-qqp,1153,No,,,,,,2021.0,2021-06-04
hkunlp/T5_base_finetune_all_tasks_2upsample2,https://huggingface.co/hkunlp/T5_base_finetune_all_tasks_2upsample2,1150,No,,,,,,2021.0,2021-12-24
google/pegasus-x-base,https://huggingface.co/google/pegasus-x-base,1006,No,,,,,,2022.0,2022-09-01
TehranNLP-org/bert-base-uncased-avg-mnli,https://huggingface.co/TehranNLP-org/bert-base-uncased-avg-mnli,1002,No,,,,,,2021.0,2021-07-06
KETI-AIR/ke-t5-large,https://huggingface.co/KETI-AIR/ke-t5-large,947,No,,,,,,2021.0,2021-05-05
ankur310794/bart-base-keyphrase-generation-kpTimes,https://huggingface.co/ankur310794/bart-base-keyphrase-generation-kpTimes,923,No,,,,,,2021.0,2021-04-09
uclanlp/visualbert-nlvr2-coco-pre,https://huggingface.co/uclanlp/visualbert-nlvr2-coco-pre,848,No,,,,,,2021.0,2021-05-31
microsoft/swinv2-large-patch4-window12-192-22k,https://huggingface.co/microsoft/swinv2-large-patch4-window12-192-22k,766,No,,,,,,2022.0,2022-06-15
Yale-LILY/brio-cnndm-cased,https://huggingface.co/Yale-LILY/brio-cnndm-cased,708,No,,,,,,2022.0,2022-05-16
